time,open,high,low,close
2025-06-01T00:00:00Z,104645.87,104708.44,104382.1,104510.41
2025-06-01T01:00:00Z,104509.01,104569.28,104029.5,104188.13
2025-06-01T02:00:00Z,104187.54,104388.91,103976.1,104248.98
2025-06-01T03:00:00Z,104248.99,104520.32,104023.08,104429.76
2025-06-01T04:00:00Z,104429.76,104800,104412.34,104687.77
2025-06-01T05:00:00Z,104687.78,104771.52,104504.01,104592.74
2025-06-01T06:00:00Z,104592.73,104593.14,104250.51,104314.69
2025-06-01T07:00:00Z,104314.7,104438.65,104246.72,104339.62
2025-06-01T08:00:00Z,104335.98,104452.97,104272.38,104446.67
2025-06-01T09:00:00Z,104446.67,104520.49,103808.08,103989.75
2025-06-01T10:00:00Z,103989.75,104101.89,103820.89,103983.23
2025-06-01T11:00:00Z,103983.23,104216.06,103905.29,104148.26
2025-06-01T12:00:00Z,104148.26,104260.12,103800.81,104018
2025-06-01T13:00:00Z,104018.01,104473.25,103999.19,104308.77
2025-06-01T14:00:00Z,104308.77,104821.81,104299.45,104650.44
2025-06-01T15:00:00Z,104649.38,104875.46,104538.15,104767.63
2025-06-01T16:00:00Z,104767.62,105365,104707.29,105093.59
2025-06-01T17:00:00Z,105094.08,105265.44,105034.55,105106.98
2025-06-01T18:00:00Z,105113.72,105124.91,104395.06,104959.48
2025-06-01T19:00:00Z,104955.55,105221.91,104866.87,105179.12
2025-06-01T20:00:00Z,105179.12,105358.3,104931.69,105011.27
2025-06-01T21:00:00Z,105011.27,105574,104970.29,105547.53
2025-06-01T22:00:00Z,105547.53,105809.45,105471.38,105565.11
2025-06-01T23:00:00Z,105565.11,105937.46,105512.23,105697.94
2025-06-02T00:00:00Z,105697.93,105788.12,105449.4,105475.65
2025-06-02T01:00:00Z,105475.64,105698.68,105395,105444.35
2025-06-02T02:00:00Z,105444.33,105483.18,105059.17,105076
2025-06-02T03:00:00Z,105076,105100.12,104603.49,104885.77
2025-06-02T04:00:00Z,104885.77,105049.58,104750,104825.12
2025-06-02T05:00:00Z,104825.11,104975.97,104667.29,104890.32
2025-06-02T06:00:00Z,104892.89,105317.86,104789.81,105220.11
2025-06-02T07:00:00Z,105219.29,105495.99,105218.83,105446.88
2025-06-02T08:00:00Z,105446.83,106000,105296.01,105392.19
2025-06-02T09:00:00Z,105392.2,105404.36,104525.31,104629.61
2025-06-02T10:00:00Z,104629.98,104710.67,104300,104427.97
2025-06-02T11:00:00Z,104421.89,104547.97,103974.2,104085.64
2025-06-02T12:00:00Z,104080.89,104328.3,103899.76,104246.37
2025-06-02T13:00:00Z,104246.38,104603.19,103722,103862.16
2025-06-02T14:00:00Z,103847.03,104740.14,103685.23,104212.2
2025-06-02T15:00:00Z,104212.18,104635.84,103917.5,104500
2025-06-02T16:00:00Z,104499.99,104500,104076.48,104320.97
2025-06-02T17:00:00Z,104323.47,104542.43,104131.01,104447.73
2025-06-02T18:00:00Z,104447.72,104798.86,104248.01,104401.82
2025-06-02T19:00:00Z,104401.83,104560.25,104086.41,104470.22
2025-06-02T20:00:00Z,104466.81,105043.47,104466.81,104952.39
2025-06-02T21:00:00Z,104952.38,105185.17,104632.82,105011.98
2025-06-02T22:00:00Z,105011.99,105870,105000.91,105745
2025-06-02T23:00:00Z,105752.08,106000,105616.01,105904.94
2025-06-03T00:00:00Z,105909.79,106474.89,105798.68,106347.66
2025-06-03T01:00:00Z,106348.54,106577.55,106178.01,106547.19
2025-06-03T02:00:00Z,106547.19,106597.45,105636.11,105676.76
2025-06-03T03:00:00Z,105676.75,105787.14,105407.57,105556.21
2025-06-03T04:00:00Z,105556.2,105585.82,105178.45,105245.93
2025-06-03T05:00:00Z,105241.73,105533.93,105241.71,105520.74
2025-06-03T06:00:00Z,105520.83,105536.66,105271.7,105486.63
2025-06-03T07:00:00Z,105486.62,105498.58,105215.25,105233.05
2025-06-03T08:00:00Z,105233.05,105306.08,104910.01,105140.75
2025-06-03T09:00:00Z,105140.73,105337.95,105099.77,105242.8
2025-06-03T10:00:00Z,105242.8,105416.7,105184.8,105344.83
2025-06-03T11:00:00Z,105344.83,105422.84,105224.14,105352.02
2025-06-03T12:00:00Z,105352.02,105500,105289.77,105375.52
2025-06-03T13:00:00Z,105375.53,105743.15,105094.61,105500.71
2025-06-03T14:00:00Z,105500.71,106801.67,105211.91,106653.6
2025-06-03T15:00:00Z,106645.17,106901.68,106420.2,106702.16
2025-06-03T16:00:00Z,106702.15,106764.98,105864.83,105890.9
2025-06-03T17:00:00Z,105891.06,106235.49,105820,106029.05
2025-06-03T18:00:00Z,106029.05,106131.32,105647.52,106081.03
2025-06-03T19:00:00Z,106081.03,106521.24,106081.02,106301.7
2025-06-03T20:00:00Z,106304.14,106329.95,105431.77,105811.68
2025-06-03T21:00:00Z,105811.69,105934.21,105349.27,105451.54
2025-06-03T22:00:00Z,105451.53,105979.78,105378.35,105814.64
2025-06-03T23:00:00Z,105818.68,105818.73,105325.2,105447.82
2025-06-04T00:00:00Z,105443.95,105613.52,105174.39,105544.83
2025-06-04T01:00:00Z,105545.87,105807.46,105478.57,105656.34
2025-06-04T02:00:00Z,105659.43,105908.07,105483.69,105554.12
2025-06-04T03:00:00Z,105554.13,105827.86,105506.87,105591.68
2025-06-04T04:00:00Z,105591.68,105700.56,105467.87,105491.76
2025-06-04T05:00:00Z,105491.75,105607.56,105413,105426.15
2025-06-04T06:00:00Z,105426.15,105518.82,105316.7,105371.45
2025-06-04T07:00:00Z,105371.44,105541.83,105323.73,105371.91
2025-06-04T08:00:00Z,105371.91,105649.77,105371.91,105503.79
2025-06-04T09:00:00Z,105503.78,105968.31,105376.67,105882.81
2025-06-04T10:00:00Z,105882.8,106058.47,105705.61,105763.98
2025-06-04T11:00:00Z,105763.98,105864.49,105136.5,105143.88
2025-06-04T12:00:00Z,105150,105220.65,104844.27,105109.42
2025-06-04T13:00:00Z,105109.41,105346.7,104735.98,104793.26
2025-06-04T14:00:00Z,104794.82,105101.43,104202,105079.15
2025-06-04T15:00:00Z,105079.16,105611.83,104969.99,105353.24
2025-06-04T16:00:00Z,105353.25,105530.1,105131.26,105510.2
2025-06-04T17:00:00Z,105510.2,105547.59,104987.17,105098.25
2025-06-04T18:00:00Z,105098.25,105350,104955.32,104998.99
2025-06-04T19:00:00Z,104999,105147.99,104915,104961.64
2025-06-04T20:00:00Z,104968.19,105010.66,104462.25,104684.78
2025-06-04T21:00:00Z,104682.5,105110.19,104601.7,104985.77
2025-06-04T22:00:00Z,104985.77,105100,104792.43,104842.57
2025-06-04T23:00:00Z,104842.58,104939.24,104662.08,104753.38
2025-06-05T00:00:00Z,104753.37,105046.02,104696.54,105038.09
2025-06-05T01:00:00Z,105034.32,105220,104728.93,104828.45
2025-06-05T02:00:00Z,104828.45,105305.26,104819.02,105049.95
2025-06-05T03:00:00Z,105049.94,105122.36,104915.28,105087.89
2025-06-05T04:00:00Z,105087.89,105289.14,105077.76,105240.86
2025-06-05T05:00:00Z,105239.05,105255.29,104613.37,104698.9
2025-06-05T06:00:00Z,104700.88,104747.16,104401.49,104502.58
2025-06-05T07:00:00Z,104502.59,104675.44,104457.01,104570.76
2025-06-05T08:00:00Z,104570.77,104730.1,104461.76,104728.41
2025-06-05T09:00:00Z,104728.41,104975.34,104722.01,104944.64
2025-06-05T10:00:00Z,104944.63,104952.45,104560.03,104711.06
2025-06-05T11:00:00Z,104711.07,104919.24,104600.01,104875.47
2025-06-05T12:00:00Z,104875.46,105840.02,104828.64,105704.85
2025-06-05T13:00:00Z,105704.86,105999.68,104343.51,104557.29
2025-06-05T14:00:00Z,104557.3,104970,103910.44,104695.9
2025-06-05T15:00:00Z,104688.59,104919.19,104368.08,104572.7
2025-06-05T16:00:00Z,104572.69,104638.54,103256.56,103280
2025-06-05T17:00:00Z,103274.35,103630,103132.19,103245.78
2025-06-05T18:00:00Z,103245.8,103379.25,102553.11,103012.88
2025-06-05T19:00:00Z,103012.89,103065.26,101603.01,101908.77
2025-06-05T20:00:00Z,101917.65,102185.14,100345.73,100496.42
2025-06-05T21:00:00Z,100498.69,101708.36,100444.11,101589.19
2025-06-05T22:00:00Z,101581.89,101755,101063.84,101555.84
2025-06-05T23:00:00Z,101555.83,101884.79,101519.86,101570.2
2025-06-06T00:00:00Z,101570.2,101965.99,101132.91,101947.12
2025-06-06T01:00:00Z,101947.11,101998.99,101718.77,101896.1
2025-06-06T02:00:00Z,101899.09,102249.89,101573,102241.87
2025-06-06T03:00:00Z,102241.87,102600.28,102100,102556.01
2025-06-06T04:00:00Z,102556.06,102885,102446.39,102851.49
2025-06-06T05:00:00Z,102844.02,103049.99,102720.5,103015.15
2025-06-06T06:00:00Z,103015.14,103295.67,102959.35,103245.48
2025-06-06T07:00:00Z,103245.49,103541.03,103114.41,103214.54
2025-06-06T08:00:00Z,103214.54,103671,103214.54,103573.79
2025-06-06T09:00:00Z,103573.79,103828.26,103573.78,103715.56
2025-06-06T10:00:00Z,103717.64,103896,103618.81,103742.86
2025-06-06T11:00:00Z,103742.85,104079.99,103712.38,104005.75
2025-06-06T12:00:00Z,104005.77,104381.87,103603.36,103841.24
2025-06-06T13:00:00Z,103841.24,104634.39,103841.23,104169.86
2025-06-06T14:00:00Z,104168.82,105000,104075.19,104886.58
2025-06-06T15:00:00Z,104886.58,105439.01,104601.95,105182.17
2025-06-06T16:00:00Z,105187.21,105405.68,104795.33,104865.84
2025-06-06T17:00:00Z,104865.84,105062.56,104530.21,105019.22
2025-06-06T18:00:00Z,105019.23,105083.99,104541.75,104592.35
2025-06-06T19:00:00Z,104592.34,104691.67,104131.65,104304.24
2025-06-06T20:00:00Z,104309.01,104704.42,104249.99,104575.74
2025-06-06T21:00:00Z,104575.74,104609.4,104363.83,104490.6
2025-06-06T22:00:00Z,104490.59,104619.99,104331.51,104577.84
2025-06-06T23:00:00Z,104577.83,104614,104296.15,104397.99
2025-06-07T00:00:00Z,104398,104620,103969.7,104612.2
2025-06-07T01:00:00Z,104612.45,104678.11,104434.01,104540.33
2025-06-07T02:00:00Z,104540.32,104726.24,104425.94,104630.36
2025-06-07T03:00:00Z,104630.36,105028.65,104577.44,104972.65
2025-06-07T04:00:00Z,104972.65,104976.92,104730.01,104912.19
2025-06-07T05:00:00Z,104912.18,105100,104835.01,104955.09
2025-06-07T06:00:00Z,104955.09,105418.63,104872.38,105407.91
2025-06-07T07:00:00Z,105407.92,105421.5,104915.35,104955.07
2025-06-07T08:00:00Z,104954.79,105060.65,104772.43,104818.75
2025-06-07T09:00:00Z,104818.82,105060.22,104818.78,104922.06
2025-06-07T10:00:00Z,104922.05,105273.34,104901.37,105213.77
2025-06-07T11:00:00Z,105213.77,105370.91,105119.23,105208.82
2025-06-07T12:00:00Z,105208.82,105757.33,105208.82,105524.52
2025-06-07T13:00:00Z,105524.53,105889.42,105369.09,105678.75
2025-06-07T14:00:00Z,105678.75,105758.28,105454.51,105486.43
2025-06-07T15:00:00Z,105486.43,105674.11,105387,105628.18
2025-06-07T16:00:00Z,105628.17,105763.44,105324.09,105405.01
2025-06-07T17:00:00Z,105405.03,105618.29,105380.86,105461.96
2025-06-07T18:00:00Z,105463.15,105954.82,105462.68,105662.43
2025-06-07T19:00:00Z,105662.43,105935.61,105647.56,105786.47
2025-06-07T20:00:00Z,105788.47,106000,105785.4,105931.47
2025-06-07T21:00:00Z,105931.47,105949.97,105777.01,105832.66
2025-06-07T22:00:00Z,105832.66,105989.91,105734.01,105882.6
2025-06-07T23:00:00Z,105882.6,105900.82,105588.62,105619.02
2025-06-08T00:00:00Z,105619.02,105727.89,105502.15,105544.35
2025-06-08T01:00:00Z,105544.36,105842.42,105455.02,105756.42
2025-06-08T02:00:00Z,105756.4,105756.4,105492.01,105505.12
2025-06-08T03:00:00Z,105505.12,105579.95,105451.72,105548.75
2025-06-08T04:00:00Z,105548.74,105699.17,105462.19,105674.79
2025-06-08T05:00:00Z,105674.97,105700,105464.01,105499.82
2025-06-08T06:00:00Z,105499.82,105665.02,105483.04,105499.8
2025-06-08T07:00:00Z,105499.81,105622.93,105467.02,105485.5
2025-06-08T08:00:00Z,105485.51,105565.88,105415.01,105427.11
2025-06-08T09:00:00Z,105427.11,105460.79,105125.8,105196.46
2025-06-08T10:00:00Z,105196.46,105529.5,105028.3,105402.8
2025-06-08T11:00:00Z,105402.8,105774.4,105402.79,105727.02
2025-06-08T12:00:00Z,105726.96,105822.3,105572.53,105768.82
2025-06-08T13:00:00Z,105767.18,106178.37,105610.76,105670.02
2025-06-08T14:00:00Z,105670.02,105969.3,105613.55,105875.74
2025-06-08T15:00:00Z,105882.6,106181.3,105875.57,106039.35
2025-06-08T16:00:00Z,106039.34,106353.63,106003.64,106257.49
2025-06-08T17:00:00Z,106257.49,106420,106139.11,106151.47
2025-06-08T18:00:00Z,106151.46,106395.19,106088.07,106369.09
2025-06-08T19:00:00Z,106369.09,106400.68,106234.99,106367.49
2025-06-08T20:00:00Z,106367.5,106386.58,106177.01,106214.65
2025-06-08T21:00:00Z,106214.65,106548.9,106214.64,106392.93
2025-06-08T22:00:00Z,106385.98,106430.34,105747.32,105821.2
2025-06-08T23:00:00Z,105821.19,105839.58,105613.03,105784.4
2025-06-09T00:00:00Z,105784.41,106035.51,105640.71,105764.12
2025-06-09T01:00:00Z,105763.29,105806.8,105495.78,105577.19
2025-06-09T02:00:00Z,105577.19,105790.01,105523.64,105611
2025-06-09T03:00:00Z,105608.91,105765.84,105368.27,105720.87
2025-06-09T04:00:00Z,105720.86,105785.14,105473.59,105503.28
2025-06-09T05:00:00Z,105503.28,105593.69,105390.02,105437.73
2025-06-09T06:00:00Z,105437.73,105753.9,105375.01,105744
2025-06-09T07:00:00Z,105744.01,105744.01,105553.01,105614.48
2025-06-09T08:00:00Z,105614.48,106000,105525.61,105990.89
2025-06-09T09:00:00Z,105989.05,106958.99,105877.03,106670.09
2025-06-09T10:00:00Z,106670.09,107500,106622.9,107250
2025-06-09T11:00:00Z,107250,107862,107190.58,107817.21
2025-06-09T12:00:00Z,107818.56,108000,107589.96,107803.61
2025-06-09T13:00:00Z,107799.01,107964.39,106920.32,107074.91
2025-06-09T14:00:00Z,107073.61,108090.42,107073.61,107678.77
2025-06-09T15:00:00Z,107675.04,108091.2,107571.26,107689.6
2025-06-09T16:00:00Z,107693,108228.72,107693,107778.93
2025-06-09T17:00:00Z,107773.98,108499.99,107725.51,108416.31
2025-06-09T18:00:00Z,108409.79,108630.85,108350.03,108517.51
2025-06-09T19:00:00Z,108517.51,108858.82,108425.3,108679.24
2025-06-09T20:00:00Z,108651.14,108828.63,108514.17,108762.75
2025-06-09T21:00:00Z,108762.74,110651.12,108762.74,110021.08
2025-06-09T22:00:00Z,110027.36,110475,109775.94,110224.96
2025-06-09T23:00:00Z,110225.28,110355.4,109921.74,110301.15
2025-06-10T00:00:00Z,110299.69,110371.19,109933.6,109950.96
2025-06-10T01:00:00Z,109949.32,110017.31,109678,109820.93
2025-06-10T02:00:00Z,109820.94,109820.94,109401.47,109691.33
2025-06-10T03:00:00Z,109691.35,109739.43,109416.37,109614.65
2025-06-10T04:00:00Z,109614.66,109694.92,109404.33,109577.54
2025-06-10T05:00:00Z,109577.57,109786.73,109230.86,109356.2
2025-06-10T06:00:00Z,109356.21,109691.6,109183.14,109542.45
2025-06-10T07:00:00Z,109544.2,109578.62,109150.25,109268.31
2025-06-10T08:00:00Z,109268.31,109485.62,109100.01,109143.06
2025-06-10T09:00:00Z,109139.94,109564.43,109119.91,109556.09
2025-06-10T10:00:00Z,109556.09,109719.79,109309.57,109348.49
2025-06-10T11:00:00Z,109348.49,109898.28,109242.23,109581.05
2025-06-10T12:00:00Z,109585.04,109732.74,109443.66,109725.32
2025-06-10T13:00:00Z,109730.16,109927.98,108885.47,109334.62
2025-06-10T14:00:00Z,109334.6,109381.72,108500,108649.65
2025-06-10T15:00:00Z,108632.38,109242.18,108362.14,109047.05
2025-06-10T16:00:00Z,109047.05,109295.71,108704.18,108753.61
2025-06-10T17:00:00Z,108750.41,109100.13,108640.01,108750.99
2025-06-10T18:00:00Z,108746.17,109500,108541.72,109306.85
2025-06-10T19:00:00Z,109306.8,110420.08,109306.8,109533.92
2025-06-10T20:00:00Z,109533.92,110060.5,109265.01,109990.03
2025-06-10T21:00:00Z,109990.03,110022.68,109421.01,109887.46
2025-06-10T22:00:00Z,109887.48,110200,109606.7,109746.55
2025-06-10T23:00:00Z,109758.72,110321,109598.71,110300.24
2025-06-11T00:00:00Z,110300.25,110306.91,109787.01,109846.82
2025-06-11T01:00:00Z,109841.39,109861.48,109580,109621.73
2025-06-11T02:00:00Z,109625.92,109877.59,109558.91,109713.9
2025-06-11T03:00:00Z,109713.9,109903.23,109633.06,109742.64
2025-06-11T04:00:00Z,109742.64,109768.15,109569.95,109596.57
2025-06-11T05:00:00Z,109596.58,109689.99,109446.63,109494.31
2025-06-11T06:00:00Z,109494.3,109698.93,109382.16,109608.64
2025-06-11T07:00:00Z,109608.63,109764.66,109455.09,109458.26
2025-06-11T08:00:00Z,109458.74,109692.1,109458.74,109581.04
2025-06-11T09:00:00Z,109583.96,109629.17,109230.01,109280.98
2025-06-11T10:00:00Z,109280.98,109493.77,109197.89,109376.47
2025-06-11T11:00:00Z,109376.32,109405.19,109200.82,109246.31
2025-06-11T12:00:00Z,109246.31,109933,109021.41,109729.04
2025-06-11T13:00:00Z,109729.05,109924.28,109316.01,109711.72
2025-06-11T14:00:00Z,109711.71,110435.05,109655.47,109907.2
2025-06-11T15:00:00Z,109902.44,110077.55,109679.01,109752.95
2025-06-11T16:00:00Z,109752.94,109854.44,109350,109474.17
2025-06-11T17:00:00Z,109474.18,109801.46,108995.64,109000
2025-06-11T18:00:00Z,109000,109105.12,108431.4,108838.51
2025-06-11T19:00:00Z,108838.52,109000,108589.7,108768.9
2025-06-11T20:00:00Z,108768.9,109051.28,108516.96,108955.12
2025-06-11T21:00:00Z,108960.18,109260.91,108387,108532.4
2025-06-11T22:00:00Z,108532.39,108677.3,108091.74,108480
2025-06-11T23:00:00Z,108481.84,108734.34,108348.51,108669.37
2025-06-12T00:00:00Z,108673.77,108853.74,108348.52,108728.81
2025-06-12T01:00:00Z,108723.92,108731.37,108283.47,108549.77
2025-06-12T02:00:00Z,108549.77,108792.22,108383.39,108411.57
2025-06-12T03:00:00Z,108411.58,108483.76,107744.93,107881.37
2025-06-12T04:00:00Z,107891.64,107953.23,107336.52,107787.66
2025-06-12T05:00:00Z,107782.09,107951.88,107606.92,107767.88
2025-06-12T06:00:00Z,107772.15,108016.44,107644.34,107931.25
2025-06-12T07:00:00Z,107931.25,107992.3,107456,107637.67
2025-06-12T08:00:00Z,107637.67,107882.59,107460.01,107749.74
2025-06-12T09:00:00Z,107747.9,107803.35,107508.57,107534.34
2025-06-12T10:00:00Z,107534.34,107560.69,107221,107357.54
2025-06-12T11:00:00Z,107345.67,107382.79,106900.02,106932.65
2025-06-12T12:00:00Z,106932.66,107490.57,106895,107007.16
2025-06-12T13:00:00Z,107007.16,107221.14,106586.88,107088.38
2025-06-12T14:00:00Z,107087.63,107750,107087.63,107642.73
2025-06-12T15:00:00Z,107642.73,107858.05,106901.48,107029.39
2025-06-12T16:00:00Z,107029.4,107880.8,106989,107757.41
2025-06-12T17:00:00Z,107757.42,108478.62,107720.07,108328.51
2025-06-12T18:00:00Z,108328.51,108473.07,107226.28,107593.44
2025-06-12T19:00:00Z,107593.17,107930.23,106710,106828.55
2025-06-12T20:00:00Z,106827.02,107005.35,105806.95,106028.25
2025-06-12T21:00:00Z,106026.21,106483.89,105901.96,105941.7
2025-06-12T22:00:00Z,105939.96,106293.87,105766,105935.72
2025-06-12T23:00:00Z,105935.59,106197.45,105706.78,105721.05
2025-06-13T00:00:00Z,105716.45,105741.54,103270.54,103859.25
2025-06-13T01:00:00Z,103859.25,103959.3,102746.01,103864.3
2025-06-13T02:00:00Z,103860.08,104050.56,103132.22,103707.88
2025-06-13T03:00:00Z,103707.87,104701.73,103674.54,104372.23
2025-06-13T04:00:00Z,104363.01,104592.54,103846.74,104483.43
2025-06-13T05:00:00Z,104477.61,104539.41,104070.7,104080.2
2025-06-13T06:00:00Z,104080.17,104800,103900.8,104781.66
2025-06-13T07:00:00Z,104781.66,105000,104429.28,104946.46
2025-06-13T08:00:00Z,104946.47,105500,104731.79,104782.69
2025-06-13T09:00:00Z,104782.24,104986.97,104545.55,104887.74
2025-06-13T10:00:00Z,104887.71,104979.5,104471.03,104925.48
2025-06-13T11:00:00Z,104930.93,105116.99,104690.03,105099.63
2025-06-13T12:00:00Z,105099.63,105358.16,104880,104914.44
2025-06-13T13:00:00Z,104914.45,105373.53,104719.01,104790.71
2025-06-13T14:00:00Z,104796.86,105067.4,104150,105015.03
2025-06-13T15:00:00Z,105017.27,105825.22,104907.5,105503.6
2025-06-13T16:00:00Z,105503.6,106041.61,105353.73,105851.59
2025-06-13T17:00:00Z,105851.59,105851.59,104932.12,105443.1
2025-06-13T18:00:00Z,105443.09,105550.64,104699.57,105236.87
2025-06-13T19:00:00Z,105240.81,105500,104942.28,105153.75
2025-06-13T20:00:00Z,105164.62,105569.28,105055.36,105480.93
2025-06-13T21:00:00Z,105480.92,105848.85,105371.61,105669.7
2025-06-13T22:00:00Z,105669.68,105911.03,105594.05,105805.36
2025-06-13T23:00:00Z,105805.36,106233,105805.36,106118.7
2025-06-14T00:00:00Z,106114.53,106264.36,105733.07,105860.44
2025-06-14T01:00:00Z,105860.12,105860.12,105481.69,105520.65
2025-06-14T02:00:00Z,105520.94,105676.05,105373.01,105442.14
2025-06-14T03:00:00Z,105442.14,105516.01,105251.34,105296.44
2025-06-14T04:00:00Z,105296.44,105475.47,105269.12,105425.45
2025-06-14T05:00:00Z,105425.46,105471.93,105300.33,105342.51
2025-06-14T06:00:00Z,105342.5,105394.92,105157.55,105157.55
2025-06-14T07:00:00Z,105155.89,105200.89,104836.25,105126.03
2025-06-14T08:00:00Z,105126.03,105194.28,104914.98,105154.95
2025-06-14T09:00:00Z,105156.18,105181.87,104894.75,104918.82
2025-06-14T10:00:00Z,104918.81,105173.68,104875.43,105054.4
2025-06-14T11:00:00Z,105054.4,105157.94,104998,105130.39
2025-06-14T12:00:00Z,105130.38,105154.13,104788,105099.3
2025-06-14T13:00:00Z,105099.31,105186.06,104945.22,105074.09
2025-06-14T14:00:00Z,105074.09,105125.8,104891.36,104973.96
2025-06-14T15:00:00Z,104973.95,105043.49,104680.39,104889.39
2025-06-14T16:00:00Z,104889.39,104966.07,104410.29,104500.9
2025-06-14T17:00:00Z,104500.88,104778.89,104444,104660.81
2025-06-14T18:00:00Z,104660.81,105037.3,104377.14,104938.41
2025-06-14T19:00:00Z,104938.41,105096.07,104690.83,104706.36
2025-06-14T20:00:00Z,104706.35,105048.21,104351.72,104944.7
2025-06-14T21:00:00Z,104944.69,105523.1,104899.23,105382.68
2025-06-14T22:00:00Z,105382.17,105545.42,105333.01,105477.75
2025-06-14T23:00:00Z,105477.75,105536.65,105393.92,105465.42
2025-06-15T00:00:00Z,105465.42,105728.48,105296.28,105695.89
2025-06-15T01:00:00Z,105695.89,105747.02,105423.52,105474.35
2025-06-15T02:00:00Z,105474.35,105688.82,105468.64,105527.78
2025-06-15T03:00:00Z,105527.79,105638.4,105512.78,105534.24
2025-06-15T04:00:00Z,105534.24,105629.08,105531.17,105620.25
2025-06-15T05:00:00Z,105620.25,106150.99,105547.26,106115.74
2025-06-15T06:00:00Z,106126.56,106184.13,105469.75,105493.9
2025-06-15T07:00:00Z,105493.9,105515.15,105254.85,105470.67
2025-06-15T08:00:00Z,105465.85,105533.06,105173.71,105236.83
2025-06-15T09:00:00Z,105236.83,105236.83,104900.02,104963.99
2025-06-15T10:00:00Z,104963.99,105235.76,104955.92,105153.21
2025-06-15T11:00:00Z,105153.21,105210.58,104936.25,105011.89
2025-06-15T12:00:00Z,105011.89,105341.94,104980.41,105329.32
2025-06-15T13:00:00Z,105329.32,105693.79,105257.21,105565.67
2025-06-15T14:00:00Z,105565.68,105896.75,105335.88,105685.71
2025-06-15T15:00:00Z,105685.73,105848.34,105560,105597.85
2025-06-15T16:00:00Z,105597.86,105720.55,105355.31,105605.84
2025-06-15T17:00:00Z,105605.83,105818.46,105500,105719.55
2025-06-15T18:00:00Z,105719.5,105728.8,105492.03,105513.59
2025-06-15T19:00:00Z,105513.56,105611.91,105103.16,105333.91
2025-06-15T20:00:00Z,105333.93,105333.93,104615.66,104762.86
2025-06-15T21:00:00Z,104762.85,104861.08,104505.05,104814.61
2025-06-15T22:00:00Z,104814.6,105393,104751.35,105284.87
2025-06-15T23:00:00Z,105284.87,105641.29,105230.07,105599.25
2025-06-16T00:00:00Z,105600.21,105796.91,105362.31,105448.09
2025-06-16T01:00:00Z,105442.18,105914.28,104982.26,105824.33
2025-06-16T02:00:00Z,105824.32,105999,105691.06,105803.1
2025-06-16T03:00:00Z,105803.09,105999,105722.77,105935.25
2025-06-16T04:00:00Z,105940.18,106457.31,105886.3,106426.95
2025-06-16T05:00:00Z,106429.68,106821.98,106332.98,106597.74
2025-06-16T06:00:00Z,106597.74,106798.85,106525.01,106599.38
2025-06-16T07:00:00Z,106599.62,107299.99,106599.62,107080.07
2025-06-16T08:00:00Z,107080.07,107257.62,106957.22,107197.94
2025-06-16T09:00:00Z,107197.94,107269.22,106895.03,106972.99
2025-06-16T10:00:00Z,106976.42,107234.54,106750,106849
2025-06-16T11:00:00Z,106856.72,106983.37,106577.52,106900
2025-06-16T12:00:00Z,106900,106917.73,106600.01,106697.02
2025-06-16T13:00:00Z,106697.01,107213.28,106506.75,107194.33
2025-06-16T14:00:00Z,107180.95,107868.12,106800.99,107574.63
2025-06-16T15:00:00Z,107574.63,107762.74,107337.01,107478.21
2025-06-16T16:00:00Z,107479.94,107955,107347.82,107816.53
2025-06-16T17:00:00Z,107816.53,108074.44,107657.93,107790.18
2025-06-16T18:00:00Z,107790.17,108338.94,107724.06,108313.05
2025-06-16T19:00:00Z,108313.04,108952.21,108313.04,108699.51
2025-06-16T20:00:00Z,108699.54,108900,108449.79,108845.46
2025-06-16T21:00:00Z,108840.72,108887.33,108367.6,108563.94
2025-06-16T22:00:00Z,108563.95,109000,107467.49,107735.9
2025-06-16T23:00:00Z,107737.66,108045,106738.56,106853.38
2025-06-17T00:00:00Z,106853.38,107318.96,106147.24,107273.22
2025-06-17T01:00:00Z,107273.22,107458.24,106967.63,107232.37
2025-06-17T02:00:00Z,107232.37,107626.02,106600.36,107517.68
2025-06-17T03:00:00Z,107517.69,107792.9,107391.45,107630.24
2025-06-17T04:00:00Z,107630.25,107764.13,107333.35,107362.47
2025-06-17T05:00:00Z,107361.57,107438.64,107066,107150.71
2025-06-17T06:00:00Z,107150.68,107274.04,106744.01,106868.23
2025-06-17T07:00:00Z,106869.9,106910.74,106501,106792.45
2025-06-17T08:00:00Z,106792.45,106862.77,106518.08,106586.8
2025-06-17T09:00:00Z,106592.24,106719.83,106081.16,106188.35
2025-06-17T10:00:00Z,106188.35,106281.32,105763.36,105970.34
2025-06-17T11:00:00Z,105970.33,105983.67,105515.89,105659.83
2025-06-17T12:00:00Z,105659.35,105887.83,105454.59,105540.7
2025-06-17T13:00:00Z,105540.7,105794.13,105208.38,105373.47
2025-06-17T14:00:00Z,105373.31,105724.72,104783.25,104861
2025-06-17T15:00:00Z,104861,104986.45,104133.12,104246.81
2025-06-17T16:00:00Z,104250,104505.31,103500,103643.33
2025-06-17T17:00:00Z,103643.32,104266.67,103363.3,103822.11
2025-06-17T18:00:00Z,103822.16,104452,103625.17,104448.32
2025-06-17T19:00:00Z,104441.64,105377,104433.12,104705.02
2025-06-17T20:00:00Z,104705.02,104926.69,104266.12,104388.35
2025-06-17T21:00:00Z,104388.35,104866.04,104279.71,104591.9
2025-06-17T22:00:00Z,104586.01,104773.8,104222.06,104253.55
2025-06-17T23:00:00Z,104253.55,104758.25,104236.76,104590.44
2025-06-18T00:00:00Z,104590.44,104889.94,104389.78,104856.06
2025-06-18T01:00:00Z,104853.71,105221.11,104701.88,104817.94
2025-06-18T02:00:00Z,104817.94,105120,104710.38,104872.56
2025-06-18T03:00:00Z,104872.57,105279.5,104862.88,105207.65
2025-06-18T04:00:00Z,105206.53,105541.07,105077.53,105479.87
2025-06-18T05:00:00Z,105479.85,105603.63,105400.76,105437.95
2025-06-18T06:00:00Z,105438.52,105564.01,104914.33,104990.27
2025-06-18T07:00:00Z,104990.27,105035.9,104731.26,104996.51
2025-06-18T08:00:00Z,104996.5,105336.17,104749.75,104977.93
2025-06-18T09:00:00Z,104982.22,105159.7,104585.56,104707.41
2025-06-18T10:00:00Z,104707.42,104829.36,104191.62,104288.91
2025-06-18T11:00:00Z,104284,104887.76,104205.54,104858.58
2025-06-18T12:00:00Z,104858.58,104932.84,104500,104539.48
2025-06-18T13:00:00Z,104534.02,104579.95,103837.75,104460.85
2025-06-18T14:00:00Z,104460.86,105348.75,104233.5,104646.82
2025-06-18T15:00:00Z,104646.82,105014.67,104161.37,104823
2025-06-18T16:00:00Z,104823.25,104876.98,104366.46,104446.91
2025-06-18T17:00:00Z,104446.92,104540.93,103627,104366.33
2025-06-18T18:00:00Z,104356.73,104732.42,103591.08,103641.86
2025-06-18T19:00:00Z,103641.85,104475.67,103512.38,103818.67
2025-06-18T20:00:00Z,103818.67,105042.08,103645.68,104840.57
2025-06-18T21:00:00Z,104840.58,105179.99,104391.81,105116.71
2025-06-18T22:00:00Z,105115.93,105183,104823.33,104855.27
2025-06-18T23:00:00Z,104853.65,105005,104656.4,104915.6
2025-06-19T00:00:00Z,104915.6,105266.61,104705.43,104995.97
2025-06-19T01:00:00Z,104995.97,105013.42,104496.36,104649.11
2025-06-19T02:00:00Z,104649.12,105070.74,104490.77,104742.32
2025-06-19T03:00:00Z,104742.31,105138.04,104742.31,105129.91
2025-06-19T04:00:00Z,105129.91,105137.48,104816.94,105109.79
2025-06-19T05:00:00Z,105108.62,105247.99,104850.34,104919.13
2025-06-19T06:00:00Z,104919.14,105011.06,104643.73,104733.6
2025-06-19T07:00:00Z,104733.61,104892.46,104636.53,104662.53
2025-06-19T08:00:00Z,104662.53,105016,104648.35,104761.56
2025-06-19T09:00:00Z,104758.09,105053.64,104741.63,105025.78
2025-06-19T10:00:00Z,105011.45,105100,104867.77,104941.84
2025-06-19T11:00:00Z,104941.85,104942.75,104750,104802.4
2025-06-19T12:00:00Z,104802.39,104946.45,104689.06,104775.18
2025-06-19T13:00:00Z,104775.19,104822.79,104261.8,104304.63
2025-06-19T14:00:00Z,104304.62,104711.11,104121.84,104171.72
2025-06-19T15:00:00Z,104174.55,104489.58,104100,104127.74
2025-06-19T16:00:00Z,104127.73,104459.5,103949.28,104033.85
2025-06-19T17:00:00Z,104029.62,104861.57,103916.37,104535.56
2025-06-19T18:00:00Z,104538.64,104734.49,104311.3,104409.99
2025-06-19T19:00:00Z,104410,104499.18,104138.95,104269.56
2025-06-19T20:00:00Z,104275.19,104538.61,104161.98,104300.81
2025-06-19T21:00:00Z,104294.27,104449.27,104236.47,104349.62
2025-06-19T22:00:00Z,104351.01,104800,104351.01,104620.34
2025-06-19T23:00:00Z,104617.7,104919.39,104480.78,104671.9
2025-06-20T00:00:00Z,104671.4,104857.11,104583.95,104715.34
2025-06-20T01:00:00Z,104720.22,104822.01,104406.53,104807.97
2025-06-20T02:00:00Z,104807.97,104830,104516.13,104654.78
2025-06-20T03:00:00Z,104654.76,104728.48,104516.44,104618.04
2025-06-20T04:00:00Z,104618.05,104638.27,104250,104275.83
2025-06-20T05:00:00Z,104275.83,104617.9,104271.15,104617.65
2025-06-20T06:00:00Z,104617.65,104789.52,104617.65,104743.49
2025-06-20T07:00:00Z,104743.49,105848.76,104656.2,105837.99
2025-06-20T08:00:00Z,105837.99,106553.86,105810.13,105980.34
2025-06-20T09:00:00Z,105980.37,106106.08,105770.75,105961.74
2025-06-20T10:00:00Z,105957.65,106200,105842.74,105978.82
2025-06-20T11:00:00Z,105978.81,106100,105820.47,106001.7
2025-06-20T12:00:00Z,106001.71,106130.99,105879.9,105994.06
2025-06-20T13:00:00Z,106001.43,106167.9,105388.89,105686
2025-06-20T14:00:00Z,105682.03,105822.82,103864.03,103928.42
2025-06-20T15:00:00Z,103929.88,104650.13,103890.21,104244.14
2025-06-20T16:00:00Z,104244.15,104289.97,103631.71,103692.21
2025-06-20T17:00:00Z,103682.18,103785.18,102357.25,103283.32
2025-06-20T18:00:00Z,103283.32,103455.28,103050,103197.42
2025-06-20T19:00:00Z,103196.06,103524.99,103003.24,103326.33
2025-06-20T20:00:00Z,103326.33,103843.48,103304.47,103721.31
2025-06-20T21:00:00Z,103721.36,103756.62,103363.16,103547.81
2025-06-20T22:00:00Z,103547.81,103553.92,102994.52,103127.23
2025-06-20T23:00:00Z,103127.22,103359.99,102980,103317.8
2025-06-21T00:00:00Z,103317.79,103366.66,103133.91,103280.05
2025-06-21T01:00:00Z,103280.04,103550.78,103163.95,103546.9
2025-06-21T02:00:00Z,103550.77,103569.77,103394.16,103528.67
2025-06-21T03:00:00Z,103528.67,103722.23,103512.47,103515.31
2025-06-21T04:00:00Z,103514.96,103556.56,103354,103414.89
2025-06-21T05:00:00Z,103414.87,103523.24,103370.98,103451.68
2025-06-21T06:00:00Z,103456.22,103637.07,103345.47,103603.89
2025-06-21T07:00:00Z,103603.88,103609.71,103394.24,103475.28
2025-06-21T08:00:00Z,103475.27,103850.65,103475.27,103836.14
2025-06-21T09:00:00Z,103836.14,103978.93,103678.92,103870.29
2025-06-21T10:00:00Z,103866.35,104013.64,103790.65,103861.26
2025-06-21T11:00:00Z,103861.26,103950.95,103750.01,103897.18
2025-06-21T12:00:00Z,103897.18,103968.39,103767.24,103826.04
2025-06-21T13:00:00Z,103826.05,103900.27,103562.7,103595.86
2025-06-21T14:00:00Z,103595.87,103799.99,103411.37,103584.37
2025-06-21T15:00:00Z,103584.37,103717.61,103307.32,103587.05
2025-06-21T16:00:00Z,103587.05,103686.64,103462.51,103512.74
2025-06-21T17:00:00Z,103512.11,103632.93,103172.32,103209.11
2025-06-21T18:00:00Z,103209.11,103461.51,102625,102684.2
2025-06-21T19:00:00Z,102684.19,102786.48,102217.08,102272.72
2025-06-21T20:00:00Z,102267.48,102913.52,102219.1,102795.05
2025-06-21T21:00:00Z,102794.98,102856.23,101126,101479.07
2025-06-21T22:00:00Z,101479.07,102034.33,101447.53,101810.83
2025-06-21T23:00:00Z,101810.08,102335.29,100919.19,102160.03
2025-06-22T00:00:00Z,102160.36,103417,101870.48,102908.7
2025-06-22T01:00:00Z,102898.38,103052.57,102261.29,102433.19
2025-06-22T02:00:00Z,102429.26,102935.07,101916.42,102381.14
2025-06-22T03:00:00Z,102381.13,102653.01,102161.34,102416.01
2025-06-22T04:00:00Z,102416.01,102825.36,102289.93,102582.11
2025-06-22T05:00:00Z,102582.1,102966.95,102582.1,102890.06
2025-06-22T06:00:00Z,102887.35,102990.17,102728.23,102782.97
2025-06-22T07:00:00Z,102782.98,102805.14,102300.01,102468.55
2025-06-22T08:00:00Z,102465.65,102743.94,102338.03,102741.71
2025-06-22T09:00:00Z,102741.4,102840,102111.8,102232.26
2025-06-22T10:00:00Z,102232.82,102573.96,102179.75,102525.15
2025-06-22T11:00:00Z,102525.15,102800.32,102457.65,102765.41
2025-06-22T12:00:00Z,102765.4,102859.11,102591.09,102779.22
2025-06-22T13:00:00Z,102779.21,102840,100312.1,100883.33
2025-06-22T14:00:00Z,100879.85,101270.22,99100.01,99660.81
2025-06-22T15:00:00Z,99660.81,99847.38,98948.54,98950.3
2025-06-22T16:00:00Z,98948.54,99725,98700.01,99698.88
2025-06-22T17:00:00Z,99700.98,100400.74,99450,99521.3
2025-06-22T18:00:00Z,99521.3,99823.5,99379,99463.75
2025-06-22T19:00:00Z,99463.75,99492.3,98825.46,98914.74
2025-06-22T20:00:00Z,98914.75,99791.35,98225.01,99566.57
2025-06-22T21:00:00Z,99570.29,99698.6,99039.29,99214.23
2025-06-22T22:00:00Z,99212.39,101016.54,99153.84,101016.54
2025-06-22T23:00:00Z,101016.54,101086.49,100684.93,100996.87
2025-06-23T00:00:00Z,100996.87,101682.99,100522.05,100959.18
2025-06-23T01:00:00Z,100959.18,101155.12,100588.66,101150.06
2025-06-23T02:00:00Z,101142.61,101431.81,100958.03,101326.54
2025-06-23T03:00:00Z,101326.53,101407.85,101111.58,101200
2025-06-23T04:00:00Z,101199.99,101363.67,101020.2,101215.05
2025-06-23T05:00:00Z,101220.21,101885.91,101220.2,101804.66
2025-06-23T06:00:00Z,101805.41,102111.2,101674.93,101977.08
2025-06-23T07:00:00Z,101982.51,102177.39,101786.47,101976.06
2025-06-23T08:00:00Z,101976.06,102118.65,101781.89,101903.31
2025-06-23T09:00:00Z,101903.31,101917.33,101420.43,101594.96
2025-06-23T10:00:00Z,101594.97,101624.76,101235.46,101499.77
2025-06-23T11:00:00Z,101499.88,101611.96,101140.81,101328.51
2025-06-23T12:00:00Z,101328.54,101727.27,101144.35,101717.62
2025-06-23T13:00:00Z,101714.14,102521.28,100835.89,102398.63
2025-06-23T14:00:00Z,102407.01,102662.55,101548,101679.47
2025-06-23T15:00:00Z,101679.48,102109.52,101351.27,101479.84
2025-06-23T16:00:00Z,101479.84,101509.81,99677.07,100743.4
2025-06-23T17:00:00Z,100743.41,102764.45,100528.82,102553.58
2025-06-23T18:00:00Z,102553.58,103377.99,102450.54,103004.67
2025-06-23T19:00:00Z,103010.25,103420,102731.69,103243.85
2025-06-23T20:00:00Z,103245.73,103994.99,102943.24,103801.43
2025-06-23T21:00:00Z,103801.44,104293.28,103703.36,103762.97
2025-06-23T22:00:00Z,103763.02,106135.47,103763,105631.9
2025-06-23T23:00:00Z,105629.69,105770.66,105186.92,105419.39
2025-06-24T00:00:00Z,105418.4,105586.21,104972.5,105207.66
2025-06-24T01:00:00Z,105206.89,105575.59,105038.74,105526.17
2025-06-24T02:00:00Z,105521.23,105521.23,104797.52,104841.98
2025-06-24T03:00:00Z,104841.97,105208.29,104772.91,104996.12
2025-06-24T04:00:00Z,104993.13,105041.34,104773.8,104898.61
2025-06-24T05:00:00Z,104898.61,105503.38,104898.61,105477.4
2025-06-24T06:00:00Z,105477.4,105916.27,105312.11,105738.63
2025-06-24T07:00:00Z,105738.62,105859.84,104949.01,104997.25
2025-06-24T08:00:00Z,104994.68,105247.35,104681.83,105079.95
2025-06-24T09:00:00Z,105079.95,105650.79,105035.01,105273.31
2025-06-24T10:00:00Z,105273.31,105432.6,105137.98,105339.02
2025-06-24T11:00:00Z,105340.16,105493.52,105064.02,105240.53
2025-06-24T12:00:00Z,105240.53,105375.48,105018.9,105262.41
2025-06-24T13:00:00Z,105262.41,105452,104851.26,105134.95
2025-06-24T14:00:00Z,105134.95,105737.96,104985.71,105588.51
2025-06-24T15:00:00Z,105588.52,105812.65,105201.01,105300
2025-06-24T16:00:00Z,105300.01,106343.47,105234.99,106284.58
2025-06-24T17:00:00Z,106289.26,106366.29,105675.66,106123.58
2025-06-24T18:00:00Z,106123.57,106170.47,105583.97,105584.69
2025-06-24T19:00:00Z,105587.41,105744.01,105330,105710.77
2025-06-24T20:00:00Z,105704.5,106178.39,105500,106145.66
2025-06-24T21:00:00Z,106142.37,106168.96,105779.8,106032
2025-06-24T22:00:00Z,106033.75,106097.12,105784.63,106074
2025-06-24T23:00:00Z,106073.9,106157.7,105820.01,106141
2025-06-25T00:00:00Z,106141.01,106528.51,105875,106451.89
2025-06-25T01:00:00Z,106451.88,106672.06,106074.24,106447.15
2025-06-25T02:00:00Z,106446.56,106865.31,106356.01,106537.56
2025-06-25T03:00:00Z,106537.55,106672,106282.51,106301.44
2025-06-25T04:00:00Z,106301.44,106396.45,106055.7,106256.06
2025-06-25T05:00:00Z,106256.06,106464.1,106090.88,106270.77
2025-06-25T06:00:00Z,106273.62,106522.74,106186.91,106460.71
2025-06-25T07:00:00Z,106460.71,106771.22,106373.42,106657.35
2025-06-25T08:00:00Z,106657.77,106735.9,106390.27,106688
2025-06-25T09:00:00Z,106696,107035.04,106515.38,106706.82
2025-06-25T10:00:00Z,106706.83,107245.83,106615.79,107190.29
2025-06-25T11:00:00Z,107190.29,107286.5,106929.25,107252.04
2025-06-25T12:00:00Z,107252.05,107343.35,106976.5,107291.51
2025-06-25T13:00:00Z,107291.51,108184.86,107206.06,107995.47
2025-06-25T14:00:00Z,107989.97,108206,107290.35,107703
2025-06-25T15:00:00Z,107703,107721.03,106818.83,107101.15
2025-06-25T16:00:00Z,107101.15,107593.16,107040.04,107213.41
2025-06-25T17:00:00Z,107213.4,107611.36,106983.26,107465.34
2025-06-25T18:00:00Z,107465.33,107621.78,107240.03,107492
2025-06-25T19:00:00Z,107490.82,107993.02,107457.97,107836
2025-06-25T20:00:00Z,107834.02,107943.88,107550.92,107846.37
2025-06-25T21:00:00Z,107844.23,108091.8,107510.01,107629.79
2025-06-25T22:00:00Z,107629.79,107641.22,107276.44,107346.74
2025-06-25T23:00:00Z,107346.73,107454.75,107151.06,107400.22
2025-06-26T00:00:00Z,107400.22,107682.38,107313.44,107389.59
2025-06-26T01:00:00Z,107389.61,107948.53,107166.22,107696.21
2025-06-26T02:00:00Z,107696.21,108113.72,107629.49,107990.89
2025-06-26T03:00:00Z,107990.89,108345,107845.27,107928.17
2025-06-26T04:00:00Z,107934.28,108026.37,107753.03,107901.26
2025-06-26T05:00:00Z,107901.25,107901.25,107576.75,107690.02
2025-06-26T06:00:00Z,107690.02,107889,107607.47,107811.44
2025-06-26T07:00:00Z,107811.44,108160.38,107804.57,107890.24
2025-06-26T08:00:00Z,107888.4,108238.78,107766.19,107818.87
2025-06-26T09:00:00Z,107818.89,107855.88,107340,107385.02
2025-06-26T10:00:00Z,107385.02,107527.35,107295.01,107439.57
2025-06-26T11:00:00Z,107439.58,107467.5,107163.03,107374.17
2025-06-26T12:00:00Z,107375.52,107481.33,107088,107161.82
2025-06-26T13:00:00Z,107161.81,107401.37,106850,106989.35
2025-06-26T14:00:00Z,106989.85,107823.59,106914.01,107494.52
2025-06-26T15:00:00Z,107496.91,107587.7,106605.88,107366.24
2025-06-26T16:00:00Z,107366.24,107468.09,107051.8,107256.16
2025-06-26T17:00:00Z,107258.08,107489.83,107186.82,107245.29
2025-06-26T18:00:00Z,107249.96,107654.74,107179.42,107433
2025-06-26T19:00:00Z,107433.01,107723.31,107355.58,107584.79
2025-06-26T20:00:00Z,107584.75,108058.94,107501.47,107829.87
2025-06-26T21:00:00Z,107829.87,107851.84,106838.41,107073.3
2025-06-26T22:00:00Z,107073.31,107297.59,107000,107041.56
2025-06-26T23:00:00Z,107041.56,107134.01,106923.04,107029.64
2025-06-27T00:00:00Z,107029.63,107245.56,106707,106743.79
2025-06-27T01:00:00Z,106743.79,107277.71,106465.81,107175.34
2025-06-27T02:00:00Z,107175.35,107347.46,107100.01,107304.04
2025-06-27T03:00:00Z,107304.04,107584.24,107217.95,107538.51
2025-06-27T04:00:00Z,107538.5,107643.37,107418.11,107563.8
2025-06-27T05:00:00Z,107567.88,107618.24,107322.6,107322.6
2025-06-27T06:00:00Z,107322.61,107449,107258.2,107331.48
2025-06-27T07:00:00Z,107331.48,107804.2,106924.87,106962.68
2025-06-27T08:00:00Z,106962.09,107155.14,106736.84,107053.45
2025-06-27T09:00:00Z,107053.45,107187.32,106837.89,107139.96
2025-06-27T10:00:00Z,107139.96,107213.4,107003.79,107037.95
2025-06-27T11:00:00Z,107037.95,107187.89,106924.72,107024.46
2025-06-27T12:00:00Z,107024.46,107238.96,106644.81,106721.57
2025-06-27T13:00:00Z,106717.38,107044.94,106413.79,106867.42
2025-06-27T14:00:00Z,106867.43,107169.05,106427.36,106630.6
2025-06-27T15:00:00Z,106630.59,107488.91,106536.01,107385.92
2025-06-27T16:00:00Z,107385.37,107800,107151.13,107530.36
2025-06-27T17:00:00Z,107530.35,107557.9,106500,106914.62
2025-06-27T18:00:00Z,106914.62,107051.97,106495.82,106771.06
2025-06-27T19:00:00Z,106765.78,107081.13,106642.88,106851.43
2025-06-27T20:00:00Z,106849.52,107210.66,106830.42,107183
2025-06-27T21:00:00Z,107183,107330.65,107082.33,107105.71
2025-06-27T22:00:00Z,107105.7,107273.92,107102.16,107165.14
2025-06-27T23:00:00Z,107165.13,107247.51,107015.49,107113.38
2025-06-28T00:00:00Z,107119.17,107233.47,106906.61,107113.55
2025-06-28T01:00:00Z,107113.55,107190.85,106868.94,107129.44
2025-06-28T02:00:00Z,107129.44,107255.53,107062.31,107164.89
2025-06-28T03:00:00Z,107164.88,107400,107141.3,107347.24
2025-06-28T04:00:00Z,107347.25,107379.05,107236.29,107248.06
2025-06-28T05:00:00Z,107248.07,107370.89,107246.84,107355.61
2025-06-28T06:00:00Z,107355.61,107500,107355.61,107477.07
2025-06-28T07:00:00Z,107477.08,107562.01,107462.22,107540.37
2025-06-28T08:00:00Z,107540.36,107567.86,107407.56,107439.9
2025-06-28T09:00:00Z,107439.89,107439.9,107330.65,107368.78
2025-06-28T10:00:00Z,107368.78,107439.85,107312.35,107330.65
2025-06-28T11:00:00Z,107330.65,107434.49,107330.65,107430.78
2025-06-28T12:00:00Z,107430.78,107434.5,107340.9,107394.66
2025-06-28T13:00:00Z,107394.66,107421.21,107149.08,107170.01
2025-06-28T14:00:00Z,107170,107320,107170,107262.75
2025-06-28T15:00:00Z,107262.75,107596.13,107259.83,107506.75
2025-06-28T16:00:00Z,107506.74,107578.35,107302.01,107355.98
2025-06-28T17:00:00Z,107354.76,107599.81,107335.85,107515.05
2025-06-28T18:00:00Z,107515.06,107515.06,107305.88,107388.01
2025-06-28T19:00:00Z,107388,107403.56,107282.35,107282.35
2025-06-28T20:00:00Z,107280.6,107283.94,107198.06,107221.45
2025-06-28T21:00:00Z,107221.45,107416.18,107221.44,107392.02
2025-06-28T22:00:00Z,107392.02,107432.55,107311.68,107411.5
2025-06-28T23:00:00Z,107411.5,107411.5,107338.27,107352.2
2025-06-29T00:00:00Z,107352.2,107558,107310,107513.29
2025-06-29T01:00:00Z,107513.29,107524.98,107356.23,107371.98
2025-06-29T02:00:00Z,107371.98,107409.05,107230,107351.25
2025-06-29T03:00:00Z,107351.25,107351.25,107250,107272.5
2025-06-29T04:00:00Z,107272.5,107321.68,107272.5,107321.68
2025-06-29T05:00:00Z,107321.68,107373.82,107266.26,107357.38
2025-06-29T06:00:00Z,107357.38,107453.68,107357.37,107425.16
2025-06-29T07:00:00Z,107425.16,107455.92,107377.51,107455.92
2025-06-29T08:00:00Z,107462.64,107770.5,107447.85,107736.44
2025-06-29T09:00:00Z,107736.45,108000,107666.01,107935.42
2025-06-29T10:00:00Z,107935.42,108326.9,107895.7,108191.54
2025-06-29T11:00:00Z,108191.53,108518.57,108123.44,108517.46
2025-06-29T12:00:00Z,108517.46,108550,108073.89,108232.29
2025-06-29T13:00:00Z,108232.28,108267.42,108053,108102.96
2025-06-29T14:00:00Z,108102.87,108253.87,107801.28,107979.6
2025-06-29T15:00:00Z,107979.59,108062.09,107676.42,107775.37
2025-06-29T16:00:00Z,107775.36,107822.26,107350,107589.25
2025-06-29T17:00:00Z,107589.24,107637.63,107350,107580.4
2025-06-29T18:00:00Z,107580.39,107762.29,107477.25,107674.09
2025-06-29T19:00:00Z,107674.08,107674.09,107398.88,107431.35
2025-06-29T20:00:00Z,107431.35,107517.86,107400,107400.38
2025-06-29T21:00:00Z,107400.38,107753.12,107290.01,107588.59
2025-06-29T22:00:00Z,107588.6,108300,107588.6,108122.51
2025-06-29T23:00:00Z,108122.52,108485.43,108041.27,108386.44
2025-06-30T00:00:00Z,108386.44,108800,108282.11,108756.55
2025-06-30T01:00:00Z,108756.54,108800,108395.64,108540.2
2025-06-30T02:00:00Z,108540.21,108698.48,108481.52,108534.72
2025-06-30T03:00:00Z,108538.76,108631.36,108468.63,108553.6
2025-06-30T04:00:00Z,108553.6,108587.6,108343.98,108361.24
2025-06-30T05:00:00Z,108361.24,108428,108177.13,108312.37
2025-06-30T06:00:00Z,108312.39,108336.93,107533.53,107600.02
2025-06-30T07:00:00Z,107600,107781.08,107503.44,107648.06
2025-06-30T08:00:00Z,107642.78,107775.56,107487,107539.88
2025-06-30T09:00:00Z,107539.87,107729.23,107488.32,107498.18
2025-06-30T10:00:00Z,107498.18,107698.91,107410.06,107672.57
2025-06-30T11:00:00Z,107662.63,107996.59,107647.7,107688.4
2025-06-30T12:00:00Z,107688.39,107854.88,107560,107602.76
2025-06-30T13:00:00Z,107604.26,107891.91,107490.01,107539.09
2025-06-30T14:00:00Z,107539.1,107661.48,106771.55,106835.96
2025-06-30T15:00:00Z,106835.96,107822.77,106724.76,107607.32
2025-06-30T16:00:00Z,107607.31,107850,107304.45,107643.66
2025-06-30T17:00:00Z,107643.66,107839.99,107467.72,107505.1
2025-06-30T18:00:00Z,107504.99,107660.94,107136.08,107266.75
2025-06-30T19:00:00Z,107265.57,107819.52,107214.37,107751.68
2025-06-30T20:00:00Z,107751.68,107787.05,107486.85,107605.18
2025-06-30T21:00:00Z,107605.28,107629.61,106944.55,107150.03
2025-06-30T22:00:00Z,107150.13,107353.57,107052.6,107132.53
2025-06-30T23:00:00Z,107132.53,107271.24,107073.93,107173.21
